<?xml version="1.0" encoding="UTF-8"?>
<!DOCTYPE hibernate-configuration PUBLIC
"-//Hibernate/Hibernate Configuration DTD 3.0//EN"
"http://www.hibernate.org/dtd/hibernate-configuration-3.0.dtd">
<hibernate-configuration>
    <session-factory>
        <!-- Database connection settings -->
        <property name="connection.driver_class">com.mysql.cj.jdbc.Driver</property>
        <property name="connection.url">jdbc:mysql://127.0.0.1:3306/studentmanagement</property>
        <property name="connection.username">root</property>
        <property name="connection.password">mani</property>
        
        <!-- Automatically create or update database schema -->
        <property name="hibernate.hbm2ddl.auto">update</property>
        
        <!-- Specify the dialect for your database -->
        <property name="hibernate.dialect">org.hibernate.dialect.MySQL8Dialect</property>
        
        <!-- Enable or disable showing SQL statements in the console -->
        <property name="hibernate.show_sql">true</property>
        <property name="hibernate.format_sql">true</property>
        
        <!-- Specify the package(s) where your entity classes are located -->
        <mapping class="com.sms.Student"/>
        <!-- Additional mappings can be included here -->
    </session-factory>
</hibernate-configuration>